{
  "serie": [
    {
      "name": "paradise police",
      "temp": "3",
      "desc": " um  policial novato começa a trabalhar na desorganizada unidade comandada por seu pai e, entre um \"tiro\" e outro, a equipe tenta resolverum grande caso de drogas",
      "id": 1
    },
    {
      "id": 3,
      "name": "Narcos",
      "temp": "3",
      "desc": "A notória série sobre o tráfico aseado  na hitória real de violência e poder dos cartéis colombianos."
    },
    {
      "id": 4,
      "name": "Breaking Bad",
      "temp": "5",
      "desc": "Ao saber que tem câncer, um professor passa a fabricar cristal pelo futuro da familia, mudando o destino de todos."
    },
    {
      "name": "B99",
      "temp ": "7",
      "desc": "A série gira em torno de Jake Peralta (Andy Samberg), um imaturo, mas talentoso, detetive da polícia de Nova York na fictícia 99. ª Delegacia do Brooklyn, que muitas vezes entra em conflito com seu novo comandante, o sério e severo capitão Raymond Holt ",
      "id": 5
    }
  ]
}